Business Name,GBP Primary Category,GBP Subcategories,Phone Number,Website URL,Google Maps URL,Star Rating,Review Count,Price Range,Opening Hours,GBP Description,GBP Attributes,GBP Verified,Latest Review Date,Social Media Links,Google Photos Count,Full Address,Location,Borough,Postcode,Postcode District,Latitude,Longitude,Directory Slug,Cuisine Tags,Seafood Specialities,Booking Link,Menu Link,Delivery Platforms,Has Website,Has Booking,Has Delivery,Listing Status,Lead Priority
The Seafood Bar,Seafood restaurant,N/A,+44 20 4525 0733,https://www.theseafoodbar.com/,https://maps.google.com/maps?q=The+Seafood+Bar+London,4.8,12020,£££,Mon–Sun: 12–11 PM,High-end Dutch seafood restaurant in Soho serving fresh sustainable seafood.,"Dine-in, Wheelchair accessible",Yes,N/A,N/A,N/A,"77 Dean St, London W1D 3SH",Soho / West End,Westminster,W1D 3SH,W1,51.5140965,-0.1329194,/seafood-restaurants/westminster/soho-west-end/the-seafood-bar/,"Seafood Platters, Grilled Fish, Lobster, Oysters","Roast Scallop, Lobster Soup, Shrimp",https://www.theseafoodbar.com/london,https://www.theseafoodbar.com/english-menu,N/A,Yes,Yes,No,Active,LOW
Randall & Aubin,Seafood restaurant,"French restaurant, Fish and seafood restaurant",+44 20 7287 4447,http://www.randallandaubin.com/,https://maps.google.com/maps?q=Randall+Aubin+London,4.6,2142,£££,Mon–Thu: 12–10:30 PM | Fri–Sat: 12–11:30 PM | Sun: 12–9:30 PM,Seafood & Modern British cuisine in a converted Soho butcher shop.,"Dine-in, Takeaway, LGBTQ+ friendly",Yes,N/A,N/A,N/A,"16 Brewer St, London W1F 0SQ",Soho / Carnaby,Westminster,W1F 0SQ,W1F,51.5123279,-0.1341322,/seafood-restaurants/westminster/soho-carnaby/randall-aubin/,"Seafood, French Cuisine, Oysters","Fresh fish, Oysters, Champagne bar",https://www.randallandaubin.com/,https://www.randallandaubin.com/menus/,N/A,Yes,Yes,No,Active,LOW
Manzi's,Seafood restaurant,Italian restaurant,+44 20 3540 4546,http://www.manzis.co.uk/,https://maps.google.com/maps?q=Manzis+London,4.4,446,£££,Mon: Closed | Tue: 12–9:30 PM | Wed–Thu: 12–10:45 PM | Fri–Sat: 12–11 PM | Sun: 12–5 PM,Italian-inspired seafood restaurant with stunning decor in Soho.,"Dine-in, Reservations",Yes,N/A,N/A,N/A,"1-8 Bateman's Buildings, London W1D 3EN",Soho / West End,Westminster,W1D 3EN,W1,51.514513,-0.1316217,/seafood-restaurants/westminster/soho-west-end/manzis/,"Seafood, Italian, Fish","Seafood pasta, Fresh fish",https://www.opentable.co.uk/restaurant/profile/266016,https://manzis.co.uk/menus/,N/A,Yes,Yes,No,Active,LOW
Fish Central,Seafood restaurant,Fish & chips shop,+44 20 7253 4970,https://www.fishcentral.co.uk/,https://maps.google.com/maps?q=Fish+Central+London,4.7,1175,£££,"Mon–Thu: 6 AM–3:30 PM, 5–10 PM | Fri: 6 AM–10:30 PM | Sat: 12–10:30 PM | Sun: Closed",Market-fresh fish in simple surroundings. Established neighbourhood favourite in Clerkenwell.,"Dine-in, Takeaway, Reservations, Wheelchair accessible",Yes,N/A,N/A,N/A,"149-155 Central St, King Square, London EC1V 8AP",Clerkenwell,Islington,EC1V 8AP,EC1,51.5275453,-0.0971321,/seafood-restaurants/islington/clerkenwell/fish-central/,"Fish & Chips, Seafood, Grilled Fish","Market-fresh fish, Fish & Chips",https://www.quandoo.co.uk/place/fish-central-44619,https://www.fishcentral.co.uk/,N/A,Yes,Yes,No,Active,LOW
J Sheekey,Seafood restaurant,Fish and seafood restaurant,+44 20 7240 2565,https://j-sheekey.co.uk/,https://maps.google.com/maps?q=J+Sheekey+London,4.5,2630,££££,Mon–Sat: 12–10:45 PM | Sun: 12–10 PM,Iconic London seafood restaurant open since 1896 in Covent Garden.,"Dine-in, Reservations",Yes,N/A,N/A,N/A,"28-32 St Martin's Ct, London WC2N 4AL",Covent Garden,Westminster,WC2N 4AL,WC2,51.5108994,-0.1278082,/seafood-restaurants/westminster/covent-garden/j-sheekey/,"Seafood, Oysters, Fish, British Seafood","Oysters, Lobster, Skate wing, Fish pie",https://www.opentable.co.uk/restaurant/profile/111285,https://j-sheekey.co.uk/menus/,N/A,Yes,Yes,No,Active,LOW
Scott's,Seafood restaurant,"Fish and seafood restaurant, British restaurant",+44 20 7495 7309,https://scotts-mayfair.com/,https://maps.google.com/maps?q=Scotts+Mayfair+London,4.6,2935,££££,Mon–Sun: 12 PM onwards (see website),Legendary Mayfair seafood and fish restaurant established in 1851.,"Dine-in, Reservations",Yes,N/A,N/A,N/A,"20 Mount St, London W1K 2HE",Mayfair,Westminster,W1K 2HE,W1K,51.5098953,-0.1508345,/seafood-restaurants/westminster/mayfair/scotts/,"Seafood, Lobster, Oysters, Fish, British Cuisine","Lobster, Oysters, Native seafood",https://www.opentable.co.uk/restaurant/profile/124548,https://scotts-mayfair.com/menus/,N/A,Yes,Yes,No,Active,LOW
Bentley's Oyster Bar & Grill,Seafood restaurant,"Oyster bar restaurant, Fish and seafood restaurant",+44 20 7734 4756,https://www.bentleys.org/,https://maps.google.com/maps?q=Bentleys+Oyster+Bar+London,4.5,2050,££££,Mon–Sun: 12 PM onwards (see website),"Historic oyster bar and grill in Piccadilly, established 1916.","Dine-in, Reservations, LGBTQ+ friendly",Yes,N/A,N/A,N/A,"11-15 Swallow St, Piccadilly, London W1B 4DG",Soho / West End,Westminster,W1B 4DG,W1,51.5095467,-0.1376725,/seafood-restaurants/westminster/soho-west-end/bentleys-oyster-bar-grill/,"Oysters, Seafood, Grilled Fish, British Cuisine","Native oysters, Grilled fish, Lobster",N/A,https://www.bentleys.org/menus,N/A,Yes,No,No,Active,LOW
Wright Brothers Borough Market,Seafood restaurant,Oyster bar restaurant,+44 20 7403 9554,http://www.thewrightbrothers.co.uk/,https://maps.google.com/maps?q=Wright+Brothers+Borough+Market+London,4.4,1440,£££,Mon–Sat: 12–9:30 PM | Sun: 12–9 PM,Seafood restaurant inside Borough Market specialising in fresh oysters.,"Dine-in, Takeaway",Yes,N/A,N/A,N/A,"Borough Market, Stoney St, London SE1 9AD",Southwark / London Bridge,Southwark,SE1 9AD,SE1,51.5056055,-0.0915883,/seafood-restaurants/southwark/southwark-london-bridge/wright-brothers-borough-market/,"Oysters, Seafood, Fish, Lobster","Oysters, Seafood platters, Fresh fish",N/A,https://thewrightbrothers.co.uk/food-menu-locations/borough-market/,N/A,Yes,No,No,Active,LOW
The Oystermen Seafood Bar & Kitchen,Seafood restaurant,Oyster bar restaurant,+44 20 7240 4417,https://www.oystermen.co.uk/,https://maps.google.com/maps?q=The+Oystermen+Covent+Garden+London,4.5,1790,£££,Mon–Sat: 12–11 PM | Sun: 12–9 PM,Independent seafood bar and kitchen near Covent Garden.,"Dine-in, Takeaway",Yes,N/A,N/A,N/A,"32 Henrietta St, London WC2E 8NA",Covent Garden,Westminster,WC2E 8NA,WC2,51.5112828,-0.1235696,/seafood-restaurants/westminster/covent-garden/the-oystermen-seafood-bar-kitchen/,"Oysters, Seafood, Fish, Shellfish","Oysters, Fresh shellfish, Seafood",N/A,N/A,N/A,Yes,No,No,Active,LOW
Burger & Lobster Soho,Seafood restaurant,"American restaurant, Lobster restaurant",+44 20 7432 4800,https://www.burgerandlobster.com/,https://maps.google.com/maps?q=Burger+Lobster+Soho+London,4.6,10125,£££,Mon–Wed: 12–10 PM | Thu: 12–10:30 PM | Fri–Sat: 12–11 PM | Sun: 12–10 PM,"Diner-style eatery specialising in whole lobster, lobster rolls and burgers.","Dine-in, Delivery, Reservations, LGBTQ+ friendly, Wheelchair accessible",Yes,N/A,N/A,N/A,"36-38 Dean St, London W1D 4PS",Soho / West End,Westminster,W1D 4PS,W1,51.5135078,-0.1321987,/seafood-restaurants/westminster/soho-west-end/burger-lobster-soho/,"Lobster, Seafood, Burgers, American","Whole Lobster, Lobster Roll, Lobster Burger",https://www.opentable.co.uk/restaurant/profile/306678,https://www.burgerandlobster.com/locations/london/soho-london/soho-menu/,N/A,Yes,Yes,No,Active,LOW
Rock and Sole Plaice,Fish & chips shop,Seafood restaurant,+44 20 7836 3785,https://www.rockandsoleplaice.com/,https://maps.google.com/maps?q=Rock+and+Sole+Plaice+London,4.3,5490,££,Mon–Thu: 12–9 PM | Fri–Sat: 12–10 PM | Sun: 12–9 PM,"London's oldest fish & chips shop, established 1871 in Covent Garden.","Dine-in, Takeaway, LGBTQ+ friendly",Yes,N/A,N/A,N/A,"47 Endell St, London WC2H 9AJ",Covent Garden,Westminster,WC2H 9AJ,WC2,51.5148151,-0.1251287,/seafood-restaurants/westminster/covent-garden/rock-and-sole-plaice/,"Fish & Chips, Seafood, British","Fish & Chips, Mushy peas, Battered cod",N/A,https://www.rockandsoleplaice.com/menu,N/A,Yes,No,No,Active,LOW
The SeaShell of Lisson Grove,Fish & chips shop,Seafood restaurant,+44 20 7224 9000,https://www.seashellrestaurant.co.uk/,https://maps.google.com/maps?q=SeaShell+Lisson+Grove+London,4.4,3498,££,Opens 12 PM daily (see website),Famous fish & chips restaurant and takeaway near Marylebone.,"Dine-in, Takeaway, Delivery, LGBTQ+ friendly",Yes,N/A,N/A,N/A,"49-51 Lisson Grove, London NW1 6UH",Camden / Marylebone,Camden,NW1 6UH,NW1,51.5227185,-0.165802,/seafood-restaurants/camden/camden-marylebone/the-seashell-of-lisson-grove/,"Fish & Chips, Seafood","Fish & Chips, Cod, Haddock, Plaice",N/A,https://order.toasttab.com/online/seashell-of-lisson-grove-49-lisson-grove,N/A,Yes,No,No,Active,LOW
Faulkners Fish & Chips,Fish & chips shop,Seafood restaurant,+44 20 7502 1080,http://www.faulknersfishandchips.co.uk/,https://maps.google.com/maps?q=Faulkners+Fish+Chips+London,4.1,252,££,Mon–Thu: 12–10 PM | Fri–Sat: 12–11 PM | Sun: 12–10 PM,Popular fish & chips shop on Kingsland Road in Hackney/Dalston.,"Dine-in, Takeaway, Delivery, LGBTQ+ friendly",Yes,N/A,N/A,N/A,"424-426 Kingsland Rd, London E8 4AA",Hackney / Dalston,Hackney,E8 4AA,E8,51.5420056,-0.0759631,/seafood-restaurants/hackney/hackney-dalston/faulkners-fish-chips/,"Fish & Chips, Seafood","Fish & Chips, Grilled fish",N/A,http://faulknersfishchips.grub24.co.uk/,N/A,Yes,No,No,Active,LOW
Seabird,Seafood restaurant,"Bar, European restaurant",+44 20 7903 3050,https://seabirdlondon.com/,https://maps.google.com/maps?q=Seabird+Hoxton+Southwark+London,4.4,1944,£££,Opens 12 PM daily (see website),14th-floor rooftop seafood restaurant at The Hoxton Southwark.,"Dine-in, Reservations, LGBTQ+ friendly",Yes,N/A,N/A,N/A,"14th Floor, 40 Blackfriars Rd, London SE1 8NY",Southwark / London Bridge,Southwark,SE1 8NY,SE1,51.5056667,-0.1047752,/seafood-restaurants/southwark/southwark-london-bridge/seabird/,"Seafood, Oysters, Fish, Grilled Seafood, Raw Bar","Raw bar, Seafood towers, Lobster",N/A,https://seabirdlondon.com/#menus,N/A,Yes,No,No,Active,LOW
Tom Brown at The Capital,Seafood restaurant,"British restaurant, Fine dining",+44 20 7591 1200,https://www.tombrownatthecapital.com/restaurant,https://maps.google.com/maps?q=Tom+Brown+Capital+Knightsbridge+London,4.4,214,££££,Opens 6 PM Tue–Sat (see website),"Fine dining seafood restaurant by chef Tom Brown at The Capital Hotel, Knightsbridge.","Dine-in, Reservations",Yes,N/A,N/A,N/A,"22-24 Basil St, London SW3 1AT",Chelsea,Kensington and Chelsea,SW3 1AT,SW3,51.5001747,-0.1616047,/seafood-restaurants/kensington-and-chelsea/chelsea/tom-brown-at-the-capital/,"Seafood, Fine Dining, British Seafood","Fresh seafood, Tasting menus",N/A,https://www.therestaurantatthecapitallondon.com/restaurant,N/A,Yes,No,No,Active,LOW
Oysteria,Seafood restaurant,"Oyster bar restaurant, Mediterranean restaurant",+44 20 8176 0900,https://oysteria.co.uk/,https://maps.google.com/maps?q=Oysteria+Canary+Wharf+London,4.7,1898,£££,Mon–Sun: 11:30 AM–10 PM,Seafood and oyster bar in Canary Wharf serving Mediterranean-inspired dishes.,"Dine-in, Delivery (Deliveroo), Reservations, Wheelchair accessible",Yes,N/A,N/A,N/A,"40 Bank St, Canary Wharf Estate, London E14 5NR",Canary Wharf / Isle of Dogs,Tower Hamlets,E14 5NR,E14,51.5024439,-0.0198008,/seafood-restaurants/tower-hamlets/canary-wharf-isle-of-dogs/oysteria/,"Oysters, Seafood, Mediterranean, Scallops","Oysters, Scallops, Seafood platters",https://www.opentable.co.uk/restaurant/profile/334329,https://oysteria.co.uk/a-la-carte-menu/,https://deliveroo.co.uk/menu/london/canary-wharf/oysteria,Yes,Yes,Yes,Active,LOW
Crab Lab,Seafood restaurant,"Crab house, Seafood boil",+44 20 4619 7622,http://www.crablabldn.co.uk/,https://maps.google.com/maps?q=Crab+Lab+London+NW10,4.7,721,£££,Mon: Closed | Tue–Sun: 3:30–10 PM,Crab and seafood boil restaurant specialising in fresh crab dishes in Kensal Rise.,"Dine-in, Delivery, Reservations",Yes,N/A,N/A,N/A,"8 Chamberlayne Rd, London NW10 3JD",Kensal Green,Brent,NW10 3JD,NW10,51.530364,-0.2165454,/seafood-restaurants/brent/kensal-green/crab-lab/,"Crab, Seafood Boil, Shellfish","Seafood boil, Crab dishes, Fresh crab",https://thefork.co.uk/restaurant/crab-lab-r847391,N/A,N/A,Yes,Yes,No,Active,LOW
Angry Crab Shack,Seafood restaurant,Crab house,N/A,https://angrycrabshack.co.uk/,https://maps.google.com/maps?q=Angry+Crab+Shack+Soho+London,4.5,1860,N/A,Mon–Thu: 12–9 PM | Fri–Sat: 12–9:30 PM | Sun: 12–8 PM,Cajun-style seafood boil and crab shack in Soho.,"Dine-in, Delivery, Reservations",Yes,N/A,N/A,N/A,"19a Rupert St, London W1D 7PA",Soho / West End,Westminster,W1D 7PA,W1,51.5105652,-0.1324771,/seafood-restaurants/westminster/soho-west-end/angry-crab-shack/,"Seafood Boil, Crab, Cajun, Lobster","Seafood boil, Crab, Cajun spiced shellfish",https://www.sevenrooms.com/explore/angrycrabshacksoho/,https://angrycrabshack.co.uk/19-rupert-st-london-uk/,N/A,Yes,Yes,No,Active,LOW
Soulful Seafood,Seafood restaurant,Takeout restaurant,+44 20 4538 3353,https://www.soulfulseafooduk.com/,https://maps.google.com/maps?q=Soulful+Seafood+Spitalfields+London,4.8,215,£££,Mon–Tue: Closed | Wed–Fri: 5–10 PM | Sat: 1–6 PM | Sun: 3–8 PM,"Soulful seafood boil restaurant near Spitalfields, East London.","Dine-in, Delivery",Yes,N/A,N/A,N/A,"50 Hanbury St, London E1 5JL",Whitechapel / Spitalfields,Tower Hamlets,E1 5JL,E1,51.5200825,-0.0711239,/seafood-restaurants/tower-hamlets/whitechapel-spitalfields/soulful-seafood/,"Seafood Boil, Soul Food, Crab, Shrimp","Seafood boil, Crab legs, Prawns",N/A,https://my.flipdish.com/soulfulseafooduk/order,N/A,Yes,No,No,Active,LOW
The Cajun Boil,Seafood restaurant,Cajun restaurant,+44 20 7646 3375,N/A,https://maps.google.com/maps?q=The+Cajun+Boil+Bethnal+Green+London,4.7,250,£££,Mon: 4–10 PM | Tue: Closed | Wed–Thu: 4–10 PM | Fri–Sat: 12–11 PM | Sun: 12–9 PM,Cajun seafood boil restaurant in Bethnal Green.,"Dine-in, Delivery (Deliveroo)",Yes,N/A,N/A,N/A,"185 Bethnal Grn Rd, London E2 6AB",Bethnal Green,Tower Hamlets,E2 6AB,E2,51.5260777,-0.0691119,/seafood-restaurants/tower-hamlets/bethnal-green/the-cajun-boil/,"Cajun, Seafood Boil, Crab, Shrimp","Cajun seafood boil, Crab, Lobster",N/A,N/A,https://deliveroo.co.uk/menu/london/bethnal-green/the-cajun-boil,No,No,Yes,Active,MEDIUM
Shrimp Shack Camden,Seafood restaurant,Seafood boil restaurant,+44 20 3342 7000,https://shrimpshackco.com/,https://maps.google.com/maps?q=Shrimp+Shack+Camden+London,4.7,2645,£££,Mon–Thu: 12–10 PM | Fri–Sat: 12–11 PM | Sun: 12–10 PM,Seafood boil and shrimp restaurant in Camden with fresh seasonal seafood.,"Dine-in, Delivery, Reservations",Yes,N/A,N/A,N/A,"Unit 2, 10 Jamestown Rd, London NW1 7BY",Camden / Marylebone,Camden,NW1 7BY,NW1,51.5405994,-0.1452604,/seafood-restaurants/camden/camden-marylebone/shrimp-shack-camden/,"Shrimp, Seafood Boil, Crab, Lobster","Seafood boil, Fresh shrimp, Crab legs",N/A,N/A,N/A,Yes,No,No,Active,LOW
Etta's Kitchen,Seafood restaurant,Caribbean restaurant,+44 20 3489 9394,https://www.ettaskitchen.com/,https://maps.google.com/maps?q=Ettas+Kitchen+Brixton+London,4.6,282,££,Mon: Closed | Tue–Sun: 12–10:30 PM,Best fish joint in Brixton Village Market. Caribbean-inspired fresh fish.,"Dine-in, Reservations",Yes,N/A,N/A,N/A,"Granville Arcade, Unit 85-86 Coldharbour Ln, London SW9 8PR",Brixton,Lambeth,SW9 8PR,SW9,51.4623258,-0.111832,/seafood-restaurants/lambeth/brixton/ettas-kitchen/,"Caribbean Seafood, Fish, Grilled Fish","Fresh fish dishes, Caribbean seafood",https://www.ettaskitchen.com/,https://www.ettaskitchen.com/menus,N/A,Yes,Yes,No,Active,LOW
Fat Crab,Seafood restaurant,Crab house,+44 20 7564 0112,https://www.thefatcrab.com/,https://maps.google.com/maps?q=Fat+Crab+Lavender+Hill+London,4.2,458,£££,Mon: Closed | Tue–Fri: 4–11 PM | Sat–Sun: 1–11 PM,"Crab and seafood restaurant on Lavender Hill, Battersea.","Dine-in, Reservations",Yes,N/A,N/A,N/A,"59 Lavender Hill, London SW11 5QN",Battersea,Wandsworth,SW11 5QN,SW11,51.4659085,-0.1535417,/seafood-restaurants/wandsworth/battersea/fat-crab/,"Crab, Seafood, Shellfish","Crab dishes, Seafood",N/A,https://www.thefatcrab.com/menu/,N/A,Yes,No,No,Active,LOW
Fish Lounge,Fish & chips shop,Seafood restaurant,+44 20 8678 8755,N/A,https://maps.google.com/maps?q=Fish+Lounge+Brixton+Hill+London,4.7,342,££,Mon: Closed | Tue–Sat: 12–10 PM | Sun: Closed,Best fish and chips in South London. Brixton Hill gem.,"Dine-in, Takeaway",Yes,N/A,N/A,N/A,"99 Brixton Hill, London SW2 1AA",Brixton Hill,Lambeth,SW2 1AA,SW2,51.4547434,-0.1194444,/seafood-restaurants/lambeth/brixton-hill/fish-lounge/,"Fish & Chips, Seafood",Fish & Chips,N/A,N/A,N/A,No,No,No,Active,MEDIUM
Little Ochi Seafood Restaurant,Seafood restaurant,Caribbean restaurant,+44 20 7737 7329,https://littleochionline.com/,https://maps.google.com/maps?q=Little+Ochi+Seafood+Herne+Hill+London,4.3,210,££,Mon–Thu: 11 AM–11 PM | Fri–Sat: 11 AM–1 AM | Sun: 12–11 PM,"Caribbean seafood restaurant in Herne Hill, South London.","Dine-in, Delivery",No,N/A,N/A,N/A,"113 Dulwich Rd, London SE24 0NG",Herne Hill,Lambeth,SE24 0NG,SE24,51.4529556,-0.1038556,/seafood-restaurants/lambeth/herne-hill/little-ochi-seafood-restaurant/,"Caribbean Seafood, Fish, Grilled Fish","Caribbean fish dishes, Fresh seafood",N/A,N/A,N/A,Yes,No,No,Active,LOW
Poppies Fish & Chips – Soho,Fish & chips shop,"Seafood restaurant, British restaurant",+44 20 7734 4845,http://poppiesfishandchips.co.uk/,https://maps.google.com/maps?q=Poppies+Fish+Chips+Soho+London,4.1,8047,££,Opens 11 AM daily (see website),Authentic fish & chips with 1950s memorabilia and table service in Soho.,"Dine-in, Takeaway, Reservations",Yes,N/A,N/A,N/A,"55-59 Old Compton St, London W1D 6HW",Soho / West End,Westminster,W1D 6HW,W1,51.5125657,-0.1327136,/seafood-restaurants/westminster/soho-west-end/poppies-fish-chips-soho/,"Fish & Chips, British Seafood","Battered fish, Chips, Mushy peas",N/A,N/A,N/A,Yes,No,No,Active,LOW
Poppies Fish & Chips – Spitalfields,Fish & chips shop,"Seafood restaurant, British restaurant",+44 20 3161 1422,http://www.poppiesfishandchips.co.uk/,https://maps.google.com/maps?q=Poppies+Fish+Chips+Spitalfields+London,4.2,5831,££,Opens 11 AM daily (see website),Fish & chip restaurant with 1950s memorabilia in Spitalfields.,"Dine-in, Takeaway, Reservations",Yes,N/A,N/A,N/A,"6-8 Hanbury St, London E1 5JL",Whitechapel / Spitalfields,Tower Hamlets,E1 5JL,E1,51.5202041,-0.074035,/seafood-restaurants/tower-hamlets/whitechapel-spitalfields/poppies-fish-chips-spitalfields/,"Fish & Chips, British Seafood","Battered fish, Chips",N/A,N/A,N/A,Yes,No,No,Active,LOW
Poppies Fish & Chips – Camden,Fish & chips shop,"Seafood restaurant, British restaurant",+44 20 7267 0440,http://www.poppiesfishandchips.co.uk/,https://maps.google.com/maps?q=Poppies+Fish+Chips+Camden+London,4.2,5873,££,Opens 11 AM daily (see website),Fish & chip restaurant with vintage vibe and live music in Camden.,"Dine-in, Takeaway, Reservations, Live music",Yes,N/A,N/A,N/A,"30 Hawley Cres, London NW1 8NP",Camden / Marylebone,Camden,NW1 8NP,NW1,51.5409723,-0.143961,/seafood-restaurants/camden/camden-marylebone/poppies-fish-chips-camden/,"Fish & Chips, British Seafood","Battered fish, Chips",N/A,N/A,N/A,Yes,No,No,Active,LOW
Poppies – Portobello Road,Fish & chips shop,Seafood restaurant,+44 20 4568 7720,https://poppiesfishandchips.co.uk/poppies-portobello/,https://maps.google.com/maps?q=Poppies+Portobello+Road+London,3.6,360,££,Opens 11 AM daily (see website),"Fish & chips in Portobello Road, Notting Hill.","Dine-in, Takeaway, Reservations",Yes,N/A,N/A,N/A,"152-154 Portobello Rd, London W11 2EB",Notting Hill / Portobello,Kensington and Chelsea,W11 2EB,W11,51.5150024,-0.2043522,/seafood-restaurants/kensington-and-chelsea/notting-hill-portobello/poppies-portobello-road/,"Fish & Chips, British Seafood",Fish & Chips,N/A,N/A,N/A,Yes,No,No,Active,MEDIUM
Noisy Oyster seafood bistro,Seafood restaurant,"Oyster bar restaurant, Cocktail bar",+44 7869 333701,https://www.noisyoysterlondon.co.uk/,https://maps.google.com/maps?q=Noisy+Oyster+Shoreditch+London,4.6,622,N/A,Closed Mon | Opens 12 PM Tue–Sun,Seafood bistro and oyster bar near Shoreditch.,"Dine-in, Reservations",Yes,N/A,N/A,N/A,"2, Nicholls Clarke Yard, London E1 6SH",Whitechapel / Spitalfields,Tower Hamlets,E1 6SH,E1,51.5219485,-0.0772918,/seafood-restaurants/tower-hamlets/whitechapel-spitalfields/noisy-oyster-seafood-bistro/,"Oysters, Seafood, Shellfish","Oysters, Fresh seafood, Cocktails",N/A,https://www.noisyoysterlondon.co.uk/menu/dinner,N/A,Yes,No,No,Active,LOW
Shoreditch Fish and Chips,Fish & chips shop,Seafood restaurant,+44 20 7729 3178,http://www.shoreditchfishnchips.co.uk/,https://maps.google.com/maps?q=Shoreditch+Fish+Chips+London,4.5,1130,££,Mon–Sat: 11:30 AM–10 PM | Sun: 11:30 AM–8 PM,"Best fish and chips in East London, comfort food in a down-home Shoreditch eatery.","Dine-in, Takeaway, Delivery, Reservations",Yes,N/A,N/A,N/A,"117 Redchurch St, London E2 7DL",Bethnal Green,Tower Hamlets,E2 7DL,E2,51.5248657,-0.0719914,/seafood-restaurants/tower-hamlets/bethnal-green/shoreditch-fish-and-chips/,"Fish & Chips, Seafood","Fish & Chips, Grilled fish",https://www.shoreditchfishnchips.co.uk/reservation,https://www.shoreditchfishnchips.co.uk/order-online,N/A,Yes,Yes,No,Active,LOW
Big Easy Bar.B.Q & Crabshack – Canary Wharf,Seafood restaurant,"Crab house, American restaurant",+44 20 4580 1172,https://www.bigeasy.co.uk/,https://maps.google.com/maps?q=Big+Easy+Canary+Wharf+London,4.4,14653,£££,Mon–Thu: 12–10 PM | Fri–Sat: 12–10:30 PM | Sun: 12–9:30 PM,Lively American-style crab shack and BBQ restaurant in Canary Wharf.,"Dine-in, Delivery, Reservations, LGBTQ+ friendly, Wheelchair accessible",Yes,N/A,N/A,N/A,"Crossrail Pl, Canary Wharf Estate, London E14 5AR",Canary Wharf / Isle of Dogs,Tower Hamlets,E14 5AR,E14,51.5062938,-0.0194339,/seafood-restaurants/tower-hamlets/canary-wharf-isle-of-dogs/big-easy-barbq-crabshack-canary-wharf/,"Crab, Seafood, BBQ, American","Crab, Lobster, Jumbo shrimp, BBQ ribs",https://www.bigeasy.co.uk/reservations,https://www.bigeasy.co.uk/menus/canary-wharf,N/A,Yes,Yes,No,Active,LOW
Burger & Lobster – West India Quay,Seafood restaurant,"American restaurant, Lobster restaurant",+44 20 3637 6709,https://www.burgerandlobster.com/,https://maps.google.com/maps?q=Burger+Lobster+West+India+Quay+London,4.7,10058,£££,Mon–Tue: 12–10 PM | Wed–Thu: 12–10:30 PM | Fri–Sat: 12–11 PM | Sun: 12–10 PM,"Diner-style lobster and burger restaurant at West India Quay, Canary Wharf.","Dine-in, Delivery, Reservations, LGBTQ+ friendly",Yes,N/A,N/A,N/A,"Hertsmere Rd, Canary Wharf Estate, London E14 4AY",Canary Wharf / Isle of Dogs,Tower Hamlets,E14 4AY,E14,51.507497,-0.0223611,/seafood-restaurants/tower-hamlets/canary-wharf-isle-of-dogs/burger-lobster-west-india-quay/,"Lobster, Seafood, Burgers","Whole Lobster, Lobster Roll",N/A,https://www.burgerandlobster.com/locations/london/west-india-quay/,N/A,Yes,No,No,Active,LOW
Nautilus,Fish & chips shop,Fish and chips takeaway,+44 20 7435 2532,N/A,https://maps.google.com/maps?q=Nautilus+Fish+Restaurant+West+Hampstead+London,4.5,488,££,Mon–Thu: 11:30 AM–9 PM | Fri–Sat: 11:30 AM–9:30 PM | Sun: 12–8 PM,Longstanding fish & chips shop in West Hampstead / Fortune Green area.,"Dine-in, Takeaway, Delivery",Yes,N/A,N/A,N/A,"27-29 Fortune Green Rd, London NW6 1DU",West Hampstead / Kilburn,Camden,NW6 1DU,NW6,51.5540194,-0.1965528,/seafood-restaurants/camden/west-hampstead-kilburn/nautilus/,"Fish & Chips, Seafood",Fish & Chips,N/A,N/A,N/A,No,No,No,Active,MEDIUM
Toff's of Muswell Hill,Fish & chips shop,Seafood restaurant,+44 20 8883 8656,https://www.toffsfish.co.uk/,https://maps.google.com/maps?q=Toffs+Muswell+Hill+London,4.4,1389,££,Mon–Sat: 11:30 AM–10 PM | Sun: 11:30 AM–9 PM,Award-winning fish & chips restaurant on Muswell Hill Broadway.,"Dine-in, Takeaway, Delivery (Uber Eats)",Yes,N/A,N/A,N/A,"38 Muswell Hill Broadway, Muswell Hill, London N10 3RT",Muswell Hill,Haringey,N10 3RT,N10,51.5895954,-0.1445096,/seafood-restaurants/haringey/muswell-hill/toffs-of-muswell-hill/,"Fish & Chips, Seafood","Fish & Chips, Grilled fish, Scampi",N/A,https://www.toffsfish.co.uk/menu,https://www.ubereats.com/gb/store/toffs-of-muswell-hill/,Yes,No,Yes,Active,LOW
Prawn on the Lawn,Seafood restaurant,Fish and seafood restaurant,+44 20 3302 8668,http://www.prawnonthelawn.com/,https://maps.google.com/maps?q=Prawn+on+the+Lawn+Islington+London,4.4,616,£££,"Mon, Sun: Closed | Tue–Thu: 5–11 PM | Fri–Sat: 12–11 PM",Seafood restaurant and fishmonger in Islington serving fresh sustainable seafood.,"Dine-in, Reservations",Yes,N/A,N/A,N/A,"292-294 St Paul's Rd, London N1 2LH",Islington,Islington,N1 2LH,N1,51.546295,-0.101283,/seafood-restaurants/islington/islington/prawn-on-the-lawn/,"Seafood, Fish, Sustainable Seafood","Fresh sustainable seafood, Raw fish",https://www.sevenrooms.com/explore/potllondonvenue/,N/A,N/A,Yes,Yes,No,Active,LOW
Carnaby Fish Bar,Seafood restaurant,Fish & chips shop,+44 20 7287 3031,http://www.carnaby-fishbar.net/,https://maps.google.com/maps?q=Carnaby+Fish+Bar+London,4.7,1098,££,Opens 12 PM daily (see website),Seafood restaurant and bar in the heart of Carnaby / Soho area.,"Dine-in, Delivery",Yes,N/A,N/A,N/A,"24 Ganton St, Carnaby, London W1F 7QY",Soho / Carnaby,Westminster,W1F 7QY,W1F,51.5129536,-0.1392527,/seafood-restaurants/westminster/soho-carnaby/carnaby-fish-bar/,"Fish & Chips, Seafood, Fish Dishes","Fish & Chips, Fresh fish",N/A,https://www.carnaby-fishbar.net/menu/english,N/A,Yes,No,No,Active,LOW
Two Brothers Fish Restaurant,Fish & chips shop,Seafood restaurant,+44 20 8346 0469,http://www.twobrothers.co.uk/,https://maps.google.com/maps?q=Two+Brothers+Fish+Restaurant+Finchley+London,3.7,635,££,"Mon, Sun: Closed | Tue–Sat: 12–2:30 PM, 5:30–10 PM","Fish restaurant in Finchley, North London. Sit-in and takeaway fish & chips.","Dine-in, Takeaway, Delivery",Yes,N/A,N/A,N/A,"Regents Park Rd, London N3 1DP",Finchley,Barnet,N3 1DP,N3,51.599195,-0.196423,/seafood-restaurants/barnet/finchley/two-brothers-fish-restaurant/,"Fish & Chips, Seafood",Fish & Chips,N/A,N/A,N/A,Yes,No,No,Active,MEDIUM
Chamberlain's Restaurant & Events,Seafood restaurant,British restaurant,+44 20 7648 8690,https://chamberlainsoflondon.co.uk/,https://maps.google.com/maps?q=Chamberlains+Leadenhall+Market+London,4.4,114,N/A,Temporarily closed – see website,"Seafood restaurant and events venue at Leadenhall Market, City of London.","Dine-in, Events, Private dining",No,N/A,N/A,N/A,"23-25 Leadenhall Market, London EC3V 1LR",City of London,City of London,EC3V 1LR,EC3,51.5126593,-0.0836947,/seafood-restaurants/city-of-london/city-of-london/chamberlains-restaurant-events/,"Seafood, Fish, British Cuisine","Seafood, Fish dishes",N/A,https://chamberlainsoflondon.co.uk/menus/,N/A,Yes,No,No,Temporarily Closed,LOW
Big Easy Bar.B.Q & Crabshack – Chelsea,Seafood restaurant,"Crab house, American restaurant",+44 20 4580 1171,https://www.bigeasy.co.uk/,https://maps.google.com/maps?q=Big+Easy+Chelsea+Kings+Road+London,4.3,4595,£££,Mon–Sat: 12–10 PM | Sun: 12–9:30 PM,"American-style crab shack and BBQ restaurant on King's Road, Chelsea.","Dine-in, Delivery, Reservations, LGBTQ+ friendly",Yes,N/A,N/A,N/A,"332-334 King's Rd, London SW3 5UR",Chelsea,Kensington and Chelsea,SW3 5UR,SW3,51.485335,-0.174327,/seafood-restaurants/kensington-and-chelsea/chelsea/big-easy-barbq-crabshack-chelsea/,"Crab, Seafood, BBQ, American","Crab, Lobster, BBQ seafood",N/A,https://www.bigeasy.co.uk/menus/chelsea,N/A,Yes,No,No,Active,LOW
Burger & Lobster Mayfair,Seafood restaurant,"American restaurant, Lobster restaurant",+44 20 3205 8960,https://www.burgerandlobster.com/,https://maps.google.com/maps?q=Burger+Lobster+Mayfair+London,4.7,5354,£££,Mon–Thu: 12–10 PM | Fri–Sat: 12–11 PM | Sun: 12–10 PM,Lobster and burger restaurant in Mayfair.,"Dine-in, Delivery, Reservations, LGBTQ+ friendly",Yes,N/A,N/A,N/A,"29 Clarges St, London W1J 7EF",Mayfair,Westminster,W1J 7EF,W1J,51.5070124,-0.1455292,/seafood-restaurants/westminster/mayfair/burger-lobster-mayfair/,"Lobster, Seafood, Burgers","Whole Lobster, Lobster Roll",https://www.burgerandlobster.com/locations/london/mayfair/?triggerSevenrooms=true,https://www.burgerandlobster.com/locations/london/mayfair/mayfair-menu/,N/A,Yes,Yes,No,Active,LOW
Pop'n Pier Fish & Chips,Fish & chips shop,Seafood restaurant,+44 20 3536 5792,https://www.popnpier.co.uk/,https://maps.google.com/maps?q=Popn+Pier+Fish+Chips+Greenwich+London,4.6,390,££,Mon–Sat: 11 AM–10 PM | Sun: 11 AM–9 PM,Popular fish & chips shop in the heart of Greenwich.,"Dine-in, Takeaway, Delivery, Reservations",Yes,N/A,N/A,N/A,"19 Greenwich Church St, London SE10 9BJ",Greenwich,Greenwich,SE10 9BJ,SE10,51.4810889,-0.0099142,/seafood-restaurants/greenwich/greenwich/popn-pier-fish-chips/,"Fish & Chips, Seafood",Fish & Chips,https://thefork.co.uk/restaurant/pop-n-pier-fish-chips-r859065,N/A,N/A,Yes,Yes,No,Active,LOW
The Oystercatcher Greenwich,Gastropub,"Seafood restaurant, Pub",+44 20 8161 8225,https://oystercatchergreenwich.co.uk/,https://maps.google.com/maps?q=Oystercatcher+Greenwich+London,4.2,983,£££,Opens 12 PM daily (see website),Riverside bar and restaurant with terrace and seafood menu in Greenwich.,"Dine-in, Outdoor seating, Reservations, Wheelchair accessible",Yes,N/A,N/A,N/A,"Kings Lodge, Victoria Parade, Greenwich SE10 9FR",Greenwich,Greenwich,SE10 9FR,SE10,51.4830205,-0.0149228,/seafood-restaurants/greenwich/greenwich/the-oystercatcher-greenwich/,"Seafood, Oysters, Gastropub, Fish","Oysters, Seafood, Fresh fish",N/A,https://oystercatchergreenwich.co.uk/menus/,N/A,Yes,No,No,Active,LOW
Burger & Lobster Knightsbridge,Seafood restaurant,"American restaurant, Lobster restaurant",+44 20 7201 8676,https://www.burgerandlobster.com/,https://maps.google.com/maps?q=Burger+Lobster+Knightsbridge+Harvey+Nichols+London,4.7,8129,£££,Mon–Thu: 12–10 PM | Fri–Sat: 12–10:30 PM | Sun: 12–10 PM,"Lobster and burger restaurant inside Harvey Nichols, Knightsbridge.","Dine-in, Delivery, Reservations, LGBTQ+ friendly",Yes,N/A,N/A,N/A,"109-125 Knightsbridge, London SW1X 7RJ",Knightsbridge,Westminster,SW1X 7RJ,SW1X,51.5016642,-0.1596256,/seafood-restaurants/westminster/knightsbridge/burger-lobster-knightsbridge/,"Lobster, Seafood, Burgers","Whole Lobster, Lobster Roll",N/A,https://www.burgerandlobster.com/locations/london/knightsbridge/,N/A,Yes,No,No,Active,LOW
Ocean Basket Kingston,Seafood restaurant,"Mediterranean restaurant, Fish & chips shop",+44 20 3051 4358,https://uk.oceanbasket.com/,https://maps.google.com/maps?q=Ocean+Basket+Kingston+upon+Thames,4.8,3713,£££,"Mon–Thu, Sun: 12–9:30 PM | Fri–Sat: 12–10 PM",Bright modern seafood restaurant chain right on the Kingston riverside.,"Dine-in, Delivery, Reservations, Wheelchair accessible",Yes,N/A,N/A,N/A,"52a High St, Kingston upon Thames KT1 1EU",Kingston upon Thames,Kingston upon Thames,KT1 1EU,KT1,51.4072446,-0.3080555,/seafood-restaurants/kingston-upon-thames/kingston-upon-thames/ocean-basket-kingston/,"Seafood, Mediterranean, Fish, Grilled Fish","Fresh seafood, Calamari, Grilled fish, Prawns",https://web.dojo.app/create_booking/vendor/KYzaQvPqx_eqB2CWGrpJ2Kn9p-85faV,https://uk.oceanbasket.com/menu/main-menu/,N/A,Yes,Yes,No,Active,LOW
Pisces Fish Kitchen,Fish & chips shop,Seafood restaurant,+44 20 8547 2757,N/A,https://maps.google.com/maps?q=Pisces+Fish+Kitchen+Kingston+upon+Thames,4.9,824,££,"Mon–Thu: 11:30 AM–2:30 PM, 4:30–9:30 PM | Fri: 11:30 AM–2:30 PM, 4:30–10 PM | Sat: 12–10 PM | Sun: Closed",Highly rated fish & chips kitchen in Kingston upon Thames.,"Dine-in, Takeaway, Delivery",Yes,N/A,N/A,N/A,"58 Richmond Rd, Kingston upon Thames KT2 5EH",Kingston upon Thames,Kingston upon Thames,KT2 5EH,KT2,51.414734,-0.3006614,/seafood-restaurants/kingston-upon-thames/kingston-upon-thames/pisces-fish-kitchen/,"Fish & Chips, Seafood",Fish & Chips,N/A,N/A,N/A,No,No,No,Active,MEDIUM
Fish Kitchen Kingston,Fish & chips shop,Seafood restaurant,+44 20 8546 2886,https://www.fishkitchenkingston.com/,https://maps.google.com/maps?q=Fish+Kitchen+Kingston+upon+Thames,4.1,336,££,"Mon, Sun: Closed | Tue–Thu: 12–9 PM | Fri–Sat: 12–10 PM",Upmarket fish & chips restaurant in Kingston upon Thames.,"Dine-in, Delivery, Reservations",Yes,N/A,N/A,N/A,"58 Coombe Rd, Kingston upon Thames KT2 7AF",Kingston upon Thames,Kingston upon Thames,KT2 7AF,KT2,51.41238,-0.2868908,/seafood-restaurants/kingston-upon-thames/kingston-upon-thames/fish-kitchen-kingston/,"Fish & Chips, Seafood","Fish & Chips, Upmarket fish",https://www.opentable.co.uk/restaurant/profile/102852,N/A,N/A,Yes,Yes,No,Active,LOW
Scotts Richmond,Seafood restaurant,"British restaurant, Fine dining",+44 20 3700 2660,https://www.scotts-richmond.com/,https://maps.google.com/maps?q=Scotts+Richmond+Thames,4.3,1038,££££,Mon–Sat: 12 PM–12:30 AM | Sun: 12–8 PM,Best fish restaurant in London with amazing Thames river view according to reviewers.,"Dine-in, Reservations",Yes,N/A,N/A,N/A,"4 Whittaker Ave, Richmond TW9 1EH",Richmond,Richmond upon Thames,TW9 1EH,TW9,51.4587015,-0.3076425,/seafood-restaurants/richmond-upon-thames/richmond/scotts-richmond/,"Seafood, Fish, British Cuisine, Fine Dining","Fresh seafood, Thames-side dining",N/A,N/A,N/A,Yes,No,No,Active,LOW
The London Chip Club,Fish & chips shop,Fish and chips takeaway,+44 20 8546 8717,https://www.londonchipclub.com/,https://maps.google.com/maps?q=London+Chip+Club+Kingston,4.7,67,££,Mon: 4–9 PM | Tue–Thu: 12–10 PM | Fri–Sat: 11:30 AM–10 PM | Sun: Closed,Popular fish & chips takeaway in Kingston upon Thames.,"Dine-in, Takeaway, Delivery (Deliveroo)",Yes,N/A,N/A,N/A,"58 Villiers Rd, Kingston upon Thames KT1 3BB",Kingston upon Thames,Kingston upon Thames,KT1 3BB,KT1,51.4029411,-0.2946796,/seafood-restaurants/kingston-upon-thames/kingston-upon-thames/the-london-chip-club/,"Fish & Chips, Seafood",Fish & Chips,N/A,N/A,https://deliveroo.co.uk/menu/london/kingston/london-chip-club,Yes,No,Yes,Active,LOW
Blue Harbour London,Seafood restaurant,Mediterranean restaurant,+44 20 8313 1379,https://blueharbourlondon.co.uk/,https://maps.google.com/maps?q=Blue+Harbour+London+Bromley,4.5,477,£££,Mon–Thu: 5–10 PM | Fri–Sat: 12–10 PM | Sun: 12–9 PM,Casual seafood restaurant in Bromley Town Centre.,"Dine-in, Reservations",Yes,N/A,N/A,N/A,"250 High St, Bromley BR1 1PG",Bromley,Bromley,BR1 1PG,BR1,51.4068551,0.0120573,/seafood-restaurants/bromley/bromley/blue-harbour-london/,"Seafood, Mediterranean, Fish","Fresh seafood, Fish dishes",N/A,https://www.blueharbourlondon.co.uk/menu/,N/A,Yes,No,No,Active,LOW
Dennys Lobster & Oyster Seafood Restaurant,Seafood restaurant,Fish and seafood restaurant,+44 20 8467 5612,http://www.dennysseafoodrestaurant.co.uk/,https://maps.google.com/maps?q=Dennys+Lobster+Oyster+Chislehurst,4.7,423,£££,Mon: Closed | Tue–Sat: 6 PM–12 AM | Sun: 12 PM–12 AM,Seafood restaurant in a charming old station waiting room in Chislehurst.,"Dine-in, Reservations",Yes,N/A,N/A,N/A,"3 Station Approach, Chislehurst BR7 5NN",Chislehurst,Bromley,BR7 5NN,BR7,51.4051935,0.0579201,/seafood-restaurants/bromley/chislehurst/dennys-lobster-oyster-seafood-restaurant/,"Lobster, Oysters, Seafood, Fish","Lobster, Oysters, Seafood dishes",N/A,N/A,N/A,Yes,No,No,Active,LOW
Fish Wala Thornton Heath,Fish restaurant,Seafood restaurant,+44 20 8073 1777,N/A,https://maps.google.com/maps?q=Fish+Wala+Thornton+Heath+Croydon,4.9,41,£,Mon–Sun: 11 AM–11 PM,"Fresh fish restaurant in Thornton Heath, Croydon. Very affordable and highly rated.","Dine-in, Takeaway, Delivery",No,N/A,N/A,N/A,"17 Woodville Rd, Thornton Heath CR7 8LH",Thornton Heath,Croydon,CR7 8LH,CR7,51.3995241,-0.0978057,/seafood-restaurants/croydon/thornton-heath/fish-wala-thornton-heath/,"Fish, Seafood, Caribbean Fish",Fresh fish dishes,N/A,N/A,N/A,No,No,No,Active,HIGH
Seafood & Tingz,Seafood restaurant,Seafood boil restaurant,+44 20 3089 2750,N/A,https://maps.google.com/maps?q=Seafood+Tingz+Thornton+Heath+Croydon,4.3,88,£££,Mon–Sat: 7 AM–11 PM | Sun: 11 AM–9 PM,"Seafood boil restaurant in Thornton Heath, South London.","Dine-in, Takeaway",Yes,N/A,N/A,N/A,"81 Thornton Rd, Thornton Heath CR7 6BD",Thornton Heath,Croydon,CR7 6BD,CR7,51.3916403,-0.1178178,/seafood-restaurants/croydon/thornton-heath/seafood-tingz/,"Seafood Boil, Crab, Shrimp","Seafood boil, Crab, Seafood",N/A,N/A,N/A,No,No,No,Active,MEDIUM
Amore Walthamstow,Seafood restaurant,Caribbean restaurant,+44 20 0027 6524,https://amorefoodanddrinks.com/,https://maps.google.com/maps?q=Amore+Walthamstow+London,4.7,141,N/A,Mon–Sat: 12–11 PM | Sun: 12–10 PM,Seafood paradise in Walthamstow High Street.,"Dine-in, Reservations",Yes,N/A,N/A,N/A,"64 High St, London E17 7LD",Walthamstow,Waltham Forest,E17 7LD,E17,51.5822996,-0.0302134,/seafood-restaurants/waltham-forest/walthamstow/amore-walthamstow/,"Seafood, Caribbean Fish",Seafood dishes,N/A,N/A,N/A,Yes,No,No,Active,LOW
Mar & Terra,Portuguese restaurant,Seafood restaurant,+44 20 8556 8888,https://www.marandterra.co.uk/,https://maps.google.com/maps?q=Mar+Terra+Lea+Bridge+Road+Leyton+London,4.9,888,£££,Mon: Closed | Opens 6 PM Tue (see website),Women-owned Portuguese seafood restaurant on Lea Bridge Road with fresh fish and seafood.,"Dine-in, Delivery",Yes,N/A,N/A,N/A,"714 Lea Bridge Rd, London E10 6AW",Leyton / Leytonstone,Waltham Forest,E10 6AW,E10,51.5770665,-0.0096677,/seafood-restaurants/waltham-forest/leyton-leytonstone/mar-terra/,"Seafood, Portuguese, Fresh Fish","Portuguese seafood, Fresh fish, Bacalhau",N/A,https://www.marandterra.co.uk/,https://www.marandterra.co.uk/order,Yes,No,Yes,Active,LOW
Sea Fryer Fish Bar,Fish & chips shop,Seafood restaurant,+44 7821 570539,https://www.seafryerfishbar.co.uk/,https://maps.google.com/maps?q=Sea+Fryer+Fish+Bar+Walthamstow+London,4.5,119,££,"Opens daily, closes 10 PM (see website)",Great fish and chips shop in Walthamstow.,"Dine-in, Takeaway",Yes,N/A,N/A,N/A,"67 Forest Rd, London E17 6HF",Walthamstow,Waltham Forest,E17 6HF,E17,51.5874281,-0.0398509,/seafood-restaurants/waltham-forest/walthamstow/sea-fryer-fish-bar/,"Fish & Chips, Seafood",Fish & Chips,N/A,N/A,N/A,Yes,No,No,Active,LOW
Bronek's Fish Restaurant,Seafood restaurant,Fish and seafood restaurant,+44 7984 924830,https://www.facebook.com/broneksfishrestaurant/,https://maps.google.com/maps?q=Broneks+Fish+Restaurant+West+Ealing+London,4.7,1389,£££,Mon–Sat: 12–11 PM | Sun: 12–10 PM,Best fish and seafood restaurant in West London — a local favourite in West Ealing.,"Dine-in, Takeaway, Reservations, LGBTQ+ friendly",Yes,N/A,N/A,N/A,"149 Northfield Ave, London W13 9QT",West Ealing,Ealing,W13 9QT,W13,51.5025807,-0.3162384,/seafood-restaurants/ealing/west-ealing/broneks-fish-restaurant/,"Seafood, Fish, Grilled Fish","Fresh seafood, Grilled fish",https://wa.me/message/76NF4MIB3E6QO1,N/A,N/A,Yes,Yes,No,Active,LOW
The Whistling Oyster,Seafood restaurant,Oyster bar restaurant,+44 20 3196 1838,http://thewhistlingoyster.co.uk/,https://maps.google.com/maps?q=The+Whistling+Oyster+Chiswick+London,4.8,150,N/A,Mon: Closed | Tue: 10 AM–4 PM | Wed–Sat: 10 AM–10 PM | Sun: 12–6 PM,"Nicest fish restaurant in London — hands down, according to reviewers. Chiswick gem.","Dine-in, Reservations",Yes,N/A,N/A,N/A,"46 Devonshire Rd, Chiswick, London W4 2HD",Chiswick,Hounslow,W4 2HD,W4,51.4912484,-0.2554698,/seafood-restaurants/hounslow/chiswick/the-whistling-oyster/,"Seafood, Oysters, Fish","Oysters, Fresh seafood",https://www.opentable.co.uk/restaurant/profile/389508,N/A,N/A,Yes,Yes,No,Active,LOW
Fish & Spice,Seafood restaurant,Fish and chips takeaway,+44 20 3337 9504,https://fishnspicehounslow.co.uk/,https://maps.google.com/maps?q=Fish+Spice+Hounslow+London,4.4,120,£££,Mon–Thu: 1–10 PM | Fri–Sat: 1–11 PM | Sun: 1–10 PM,Best seafood in London according to reviewers. Fish and spice restaurant in Hounslow.,"Dine-in, Takeaway, Delivery",Yes,N/A,N/A,N/A,"773 London Rd, Hounslow TW3 1RS",Hounslow,Hounslow,TW3 1RS,TW3,51.471005,-0.3528093,/seafood-restaurants/hounslow/hounslow/fish-spice/,"Seafood, Fish & Chips, Grilled Fish","Fresh seafood, Spiced fish",N/A,https://fishnspicehounslow.co.uk/food-menu,N/A,Yes,No,No,Active,LOW
My Fish & Seafood,Fish restaurant,Seafood restaurant,N/A,N/A,https://maps.google.com/maps?q=My+Fish+Seafood+Lewisham+London,3.3,33,N/A,N/A,Fish and seafood restaurant in Lewisham High Street.,"Dine-in, Takeaway",No,N/A,N/A,N/A,"116 Lewisham High St, London SE13 6JG",Lewisham,Lewisham,SE13 6JG,SE13,51.462115,-0.0102683,/seafood-restaurants/lewisham/lewisham/my-fish-seafood/,"Fish, Seafood",Fish dishes,N/A,N/A,N/A,No,No,No,Active,HIGH
Fish! Borough Market Restaurant,Seafood restaurant,Fish and seafood restaurant,+44 20 7407 3803,https://www.fishboroughmarket.com/,https://maps.google.com/maps?q=Fish+Borough+Market+Restaurant+London,4.1,3632,££,"Mon–Wed, Sun: 11:30 AM–10 PM | Thu–Sat: 11:30 AM–11 PM",Seafood restaurant inside Borough Market serving fresh fish and chips.,"Dine-in, Delivery, Reservations",Yes,N/A,N/A,N/A,"Borough Market, Cathedral St, London SE1 9AL",Southwark / London Bridge,Southwark,SE1 9AL,SE1,51.5058591,-0.0901353,/seafood-restaurants/southwark/southwark-london-bridge/fish-borough-market-restaurant/,"Seafood, Fish & Chips, Fresh Fish","Fish & chips, Fresh seafood",https://www.opentable.co.uk/restaurant/profile/34282,https://www.fishboroughmarket.com/menus/,N/A,Yes,Yes,No,Active,LOW
Hot n juicy shrimp LDN – Dulwich,Seafood restaurant,Seafood boil restaurant,+44 20 3369 1365,http://www.hotnjuicyshrimpldn.co.uk/,https://maps.google.com/maps?q=Hot+Juicy+Shrimp+Dulwich+London,4.7,2731,£££,Mon–Tue: Closed | Wed–Thu: 5–10:30 PM | Fri: 5–11:30 PM | Sat: 1–11:30 PM | Sun: 2–10 PM,Women-owned seafood boil restaurant in Dulwich. LGBTQ+ friendly.,"Dine-in, Delivery, Reservations, LGBTQ+ friendly",Yes,N/A,N/A,N/A,"134A Thurlow Park Rd, London SE21 8HN",Dulwich,Southwark,SE21 8HN,SE21,51.4410433,-0.0917032,/seafood-restaurants/southwark/dulwich/hot-n-juicy-shrimp-ldn-dulwich/,"Seafood Boil, Shrimp, Crab, Lobster","Seafood boil, Fresh shrimp, Crab legs",https://www.quandoo.co.uk/place/hot-n-juicy-shrimp-dulwich-100216,https://www.hotnjuicyshrimpldn.co.uk/pages/menu,N/A,Yes,Yes,No,Active,LOW
Ocean Fresh fish and chips,Fish & chips shop,Fish and chips takeaway,+44 20 8567 5662,N/A,https://maps.google.com/maps?q=Ocean+Fresh+Fish+Chips+West+Ealing+London,4.5,135,£,Mon–Sat: 11:30 AM–11 PM | Sun: 1–9 PM,Best fish and chips in whole London according to reviewers. West Ealing.,"Dine-in, Takeaway, Delivery (Just Eat)",Yes,N/A,N/A,N/A,"166 Broadway, London W13 0TL",West Ealing,Ealing,W13 0TL,W13,51.5096561,-0.3288754,/seafood-restaurants/ealing/west-ealing/ocean-fresh-fish-and-chips/,"Fish & Chips, Seafood",Fish & Chips,N/A,https://www.just-eat.co.uk/restaurants-ocean-fresh-westealing,N/A,No,No,No,Active,MEDIUM
Lotus House Fish & Chips,Fish & chips shop,Fish and chips takeaway,+44 20 8847 5832,N/A,https://maps.google.com/maps?q=Lotus+House+Fish+Chips+South+Ealing+London,4.4,87,£,"Mon–Sat: 12–2 PM, 5–9 PM | Sun: Closed","One of the best fish & chips in London, in South Ealing.","Dine-in, Takeaway",No,N/A,N/A,N/A,"Lotus House, 163 S Ealing Rd, London W5 4QP",Ealing,Ealing,W5 4QP,W5,51.4982049,-0.3055294,/seafood-restaurants/ealing/ealing/lotus-house-fish-chips/,"Fish & Chips, Seafood",Fish & Chips,N/A,N/A,N/A,No,No,No,Active,MEDIUM
The Fat Crab Harrow,Seafood restaurant,Crab house,+44 1895 913311,http://www.thefatcrab.com/,https://maps.google.com/maps?q=Fat+Crab+Harrow+Rayners+Lane+London,4.3,963,£££,Mon: Closed | Tue–Fri: 4–11 PM | Sat–Sun: 1–11 PM,Crab and seafood restaurant in Harrow / Rayners Lane.,"Dine-in, Reservations",Yes,N/A,N/A,N/A,"383 Alexandra Ave, Rayners Lane, Harrow HA2 9EF",Harrow,Harrow,HA2 9EF,HA2,51.5720786,-0.3715731,/seafood-restaurants/harrow/harrow/the-fat-crab-harrow/,"Crab, Seafood, Shellfish","Crab dishes, Seafood",https://eatapp.co/reserve/the-fat-crab-harrow-383-alexandra-avenue,N/A,N/A,Yes,Yes,No,Active,LOW
The Family Crab,Seafood restaurant,"Crab house, Seafood boil restaurant",+44 20 8367 0888,https://thefamilycrab.com/,https://maps.google.com/maps?q=The+Family+Crab+Enfield+London,3.8,310,£££,Mon: Closed | Tue–Sun: 2–10:30 PM,Family-friendly crab and seafood restaurant in Enfield.,"Dine-in, Delivery",Yes,N/A,N/A,N/A,"Unit 12, Cambridge Parade, Great Cambridge Rd, Enfield EN1 4JU",Enfield,Enfield,EN1 4JU,EN1,51.6604678,-0.0579745,/seafood-restaurants/enfield/enfield/the-family-crab/,"Crab, Seafood, Seafood Boil","Crab, Seafood boil",N/A,https://thefamilycrab.com/order-now,N/A,Yes,No,No,Active,MEDIUM
North Sea Fish Restaurant,Fish & chips shop,Seafood restaurant,+44 20 7387 5892,http://www.northseafishrestaurant.co.uk/,https://maps.google.com/maps?q=North+Sea+Fish+Restaurant+Bloomsbury+London,4.5,2548,££,Mon: 5–9:30 PM | Tue–Sun: 12–9:30 PM,Classic London fish & chips restaurant in Bloomsbury near King's Cross.,"Dine-in, Takeaway, Delivery",Yes,N/A,N/A,N/A,"7-8 Leigh St, London WC1H 9EW",Bloomsbury,Camden,WC1H 9EW,WC1,51.5263701,-0.1252221,/seafood-restaurants/camden/bloomsbury/north-sea-fish-restaurant/,"Fish & Chips, Seafood, British","Fish & Chips, Grilled fish",N/A,https://www.northseafishrestaurant.co.uk/menus/,N/A,Yes,No,No,Active,LOW
Colombar London,Seafood restaurant,Caribbean restaurant,+44 7587 278707,https://colombar.co.uk/,https://maps.google.com/maps?q=Colombar+London+Harrow+Rayners+Lane,4.3,115,N/A,Mon–Fri: 11 AM–11 PM | Sat–Sun: 11:30 AM–11 PM,"Caribbean-inspired seafood restaurant in Rayners Lane, Harrow.","Dine-in, Delivery, Reservations",Yes,N/A,N/A,N/A,"436 Alexandra Ave, Rayners Lane, Harrow HA2 9TW",Harrow,Harrow,HA2 9TW,HA2,51.5736359,-0.3708648,/seafood-restaurants/harrow/harrow/colombar-london/,"Caribbean Seafood, Fish, Seafood",Caribbean seafood dishes,https://www.colombar.co.uk/book-a-table,https://www.colombar.co.uk/menus,N/A,Yes,Yes,No,Active,LOW
Wright Brothers South Kensington,Seafood restaurant,Oyster bar restaurant,+44 20 7581 0131,https://thewrightbrothers.co.uk/,https://maps.google.com/maps?q=Wright+Brothers+South+Kensington+London,4.4,633,£££,Mon–Thu: 12–11 PM | Fri–Sat: 12–11:30 PM | Sun: 12–10 PM,Fresh oysters and seafood in South Kensington.,"Dine-in, Takeaway, Reservations",Yes,N/A,N/A,N/A,"56A Old Brompton Rd, South Kensington, London SW7 3DY",South Kensington,Kensington and Chelsea,SW7 3DY,SW7,51.493095,-0.1764753,/seafood-restaurants/kensington-and-chelsea/south-kensington/wright-brothers-south-kensington/,"Oysters, Seafood, Fish","Oysters, Seafood platters, Fresh fish",N/A,http://thewrightbrothers.co.uk/food-menu-locations/south-kensington/,N/A,Yes,No,No,Active,LOW
Barrafina Drury Lane,Spanish restaurant,"Seafood restaurant, Tapas bar",+44 20 7440 1486,http://www.barrafina.com/,https://maps.google.com/maps?q=Barrafina+Drury+Lane+London+WC2,4.5,1427,£££,"Mon–Wed, Sun: 12–3 PM, 5–10 PM | Thu–Sat: 12–3 PM, 5–11 PM","Renowned Spanish tapas and seafood restaurant on Drury Lane, Covent Garden.","Dine-in, Reservations",Yes,N/A,N/A,N/A,"43 Drury Ln, London WC2B 5AJ",Covent Garden,Westminster,WC2B 5AJ,WC2B,51.5143895,-0.1217902,/seafood-restaurants/westminster/covent-garden/barrafina-drury-lane/,"Seafood, Spanish Tapas, Fish, Gambas","Gambas al ajillo, Cuttlefish, Fresh seafood",N/A,https://www.barrafina.com/locations/drury-lane/menu/,N/A,Yes,No,No,Active,LOW
The Seafood Plug,Seafood restaurant,Seafood boil restaurant,+44 7307 958155,https://www.theseafoodplug.co.uk/,https://maps.google.com/maps?q=The+Seafood+Plug+Dagenham,4.7,52,£££,Mon: Closed | Opens 12 PM Tue (see website),"Seafood restaurant in Chadwell Heath Industrial Park, Dagenham.","Dine-in, Delivery (Deliveroo), LGBTQ+ friendly",Yes,N/A,N/A,N/A,"Unit G12, Chadwell Heath Industrial Park, Kemp Rd, Dagenham RM8 1SL",Dagenham,Barking and Dagenham,RM8 1SL,RM8,51.5634703,0.1325812,/seafood-restaurants/barking-and-dagenham/dagenham/the-seafood-plug/,"Seafood Boil, Lobster, Crab, Shrimp","Seafood boil, Fresh seafood",N/A,https://www.theseafoodplug.co.uk/order-online/,https://deliveroo.co.uk/menu/London/chadwell-heath/the-seafood-plug,Yes,No,Yes,Active,LOW
Ark Fish Restaurant,Seafood restaurant,Fish and seafood restaurant,+44 20 8989 5345,https://www.arkfishrestaurant.co.uk/,https://maps.google.com/maps?q=Ark+Fish+Restaurant+South+Woodford+London,4.3,863,£££,Mon: Closed | Opens 5 PM Tue (see website for full hours),"Seafood restaurant in South Woodford, East London.","Dine-in, Delivery, Reservations",Yes,N/A,N/A,N/A,"142 Hermon Hill, London E18 1QH",South Woodford,Redbridge,E18 1QH,E18,51.5879247,0.0279667,/seafood-restaurants/redbridge/south-woodford/ark-fish-restaurant/,"Seafood, Fish, Grilled Fish","Fresh seafood, Fish dishes",N/A,https://www.arkfishrestaurant.co.uk/menus-1,N/A,Yes,No,No,Active,LOW
Ocean Fish Bar,Fish & chips shop,Seafood restaurant,+44 20 8478 5298,N/A,https://maps.google.com/maps?q=Ocean+Fish+Bar+Ilford+London,4.5,201,£,Mon–Sat: 12–10 PM | Sun: Closed,"Popular fish bar in Ilford, East London.","Dine-in, Takeaway",Yes,N/A,N/A,N/A,"157 Ley St, Ilford IG1 4BL",Ilford,Redbridge,IG1 4BL,IG1,51.5618704,0.0769084,/seafood-restaurants/redbridge/ilford/ocean-fish-bar/,"Fish & Chips, Seafood",Fish & Chips,N/A,N/A,N/A,No,No,No,Active,MEDIUM
Sea Garden and Grill Tooting,Seafood restaurant,Grill restaurant,+44 20 8682 2995,http://seagardenandgrill.co.uk/,https://maps.google.com/maps?q=Sea+Garden+Grill+Tooting+London,4.7,366,£££,Mon: Closed | Tue–Thu: 6–10 PM | Fri–Sat: 12–10 PM | Sun: 12–7 PM,Seafood grill restaurant inside Broadway Market Tooting.,"Dine-in, Delivery, Reservations",Yes,N/A,N/A,N/A,"Unit 99, 29 Tooting High St, London SW17 0RJ",Tooting,Wandsworth,SW17 0RJ,SW17,51.4287041,-0.1663989,/seafood-restaurants/wandsworth/tooting/sea-garden-and-grill-tooting/,"Seafood, Grilled Fish, Fish Dishes","Grilled seafood, Fresh fish",https://svtables.com/widget/?rest_id=810,https://qrmenu.com/menus/sea-garden-and-grill-tooting/,N/A,Yes,Yes,No,Active,LOW
Fish Wala Tooting,Fish restaurant,Seafood restaurant,+44 20 8091 5266,N/A,https://maps.google.com/maps?q=Fish+Wala+Tooting+High+Street+London,4.8,43,£,N/A — see Google Maps for hours,Fresh fish restaurant on Tooting High Street. Very affordable and highly rated.,"Dine-in, Takeaway, Delivery",No,N/A,N/A,N/A,"177 Tooting High St, London SW17 0SZ",Tooting,Wandsworth,SW17 0SZ,SW17,51.4248993,-0.1707024,/seafood-restaurants/wandsworth/tooting/fish-wala-tooting/,"Fish, Seafood",Fresh fish,N/A,N/A,N/A,No,No,No,Active,HIGH
Seagarden and Grill Norbury,Seafood restaurant,Grill restaurant,+44 20 3793 4184,https://www.seagardenandgrill.co.uk/,https://maps.google.com/maps?q=Seagarden+Grill+Norbury+London,4.7,303,£££,Mon–Thu: 6–10 PM | Fri–Sat: 12–10 PM | Sun: 12–7 PM,"Seafood grill restaurant in Norbury, South London.","Dine-in, Delivery, Reservations",Yes,N/A,N/A,N/A,"1447A London Rd, Norbury, London SW16 4AQ",Streatham / Norbury,Lambeth,SW16 4AQ,SW16,51.4096826,-0.1225455,/seafood-restaurants/lambeth/streatham-norbury/seagarden-and-grill-norbury/,"Seafood, Grilled Fish, Fish Dishes","Grilled seafood, Fresh fish",https://thefork.co.uk/restaurant/sea-garden-grill-norbury-r837554,N/A,N/A,Yes,Yes,No,Active,LOW
Shrimp Shack Streatham,Seafood restaurant,Seafood boil restaurant,+44 20 3780 7480,https://shrimpshackco.com/,https://maps.google.com/maps?q=Shrimp+Shack+Streatham+London,4.7,3660,£££,Mon–Thu: 12–10 PM | Fri–Sat: 12–11 PM | Sun: 12–10 PM,"Seafood boil restaurant in Streatham, South London. High street favourite.","Dine-in, Delivery, Reservations",Yes,N/A,N/A,N/A,"25, The High Parade, Streatham High Rd, London SW16 1EX",Streatham / Norbury,Lambeth,SW16 1EX,SW16,51.4340607,-0.1280276,/seafood-restaurants/lambeth/streatham-norbury/shrimp-shack-streatham/,"Shrimp, Seafood Boil, Crab, Lobster","Seafood boil, Fresh shrimp",N/A,N/A,N/A,Yes,No,No,Active,LOW
Sông Quê Café,Vietnamese restaurant,Seafood restaurant,+44 20 7613 3222,http://www.songque.co.uk/,https://maps.google.com/maps?q=Song+Que+Cafe+Kingsland+Road+Hackney+London,4.6,3950,££,"Mon–Fri: 12–3 PM, 5:30–11 PM | Sat: 12–11 PM | Sun: 12–10:30 PM",Iconic Vietnamese restaurant on Kingsland Road serving fresh seafood and traditional dishes.,"Dine-in, Delivery (Deliveroo)",Yes,N/A,N/A,N/A,"134 Kingsland Rd, London E2 8DY",Bethnal Green / Hoxton,Tower Hamlets,E2 8DY,E2,51.5308009,-0.0768562,/seafood-restaurants/tower-hamlets/bethnal-green-hoxton/sng-qu-caf/,"Vietnamese Seafood, Fish, Crab, Prawn","Hot pots, Vietnamese seafood dishes, Salt & pepper squid",N/A,N/A,https://deliveroo.co.uk/menu/london/haggerston/song-que-cafe,Yes,No,Yes,Active,LOW
Faber Wine & Seafood Restaurant,Seafood restaurant,"Wine bar, European restaurant",+44 20 8161 9800,https://www.faberrestaurants.co.uk/,https://maps.google.com/maps?q=Faber+Wine+Seafood+Restaurant+Hammersmith+London,4.8,844,£££,Mon–Sat: 12–11 PM | Sun: 12–10 PM,Wine and seafood restaurant on Hammersmith Road. LGBTQ+ friendly.,"Dine-in, Reservations, LGBTQ+ friendly",Yes,N/A,N/A,N/A,"Welbeck Mansions, 206-208 Hammersmith Rd, London W6 7DH",Hammersmith,Hammersmith and Fulham,W6 7DH,W6,51.4932409,-0.2226163,/seafood-restaurants/hammersmith-and-fulham/hammersmith/faber-wine-seafood-restaurant/,"Seafood, Wine Bar, European, Fish","Fresh seafood, Fish dishes",N/A,https://faberrestaurants.co.uk/sample-menu/,N/A,Yes,No,No,Active,LOW
Fishers,Seafood restaurant,"Fish and seafood restaurant, British restaurant",+44 20 7371 5555,http://www.fisherslondon.co.uk/,https://maps.google.com/maps?q=Fishers+Restaurant+Fulham+London,4.8,2643,££,Mon–Sun: 12–10 PM,Seafood restaurant on Fulham High Street serving fresh fish and seafood.,"Dine-in, Delivery, Reservations",Yes,N/A,N/A,N/A,"19 Fulham High St, London SW6 3JH",Fulham,Hammersmith and Fulham,SW6 3JH,SW6,51.470954,-0.210788,/seafood-restaurants/hammersmith-and-fulham/fulham/fishers/,"Seafood, Fish, British Seafood","Fresh fish, Seafood dishes",https://fisherslondon.co.uk/reservations/,https://fisherslondon.co.uk/main-menu/,N/A,Yes,Yes,No,Active,LOW
Kennedy's Fulham,Fish & chips shop,Seafood restaurant,+44 20 3859 7319,http://www.kennedyslondon.co.uk/,https://maps.google.com/maps?q=Kennedys+Fulham+Road+London,4.7,785,££,Mon–Sat: 8 AM–10 PM | Sun: 9 AM–9 PM,Kennedy's fish & chips restaurant on Fulham Road. LGBTQ+ friendly.,"Dine-in, Takeaway, Delivery, LGBTQ+ friendly",Yes,N/A,N/A,N/A,"609-611, Fulham Rd., London SW6 5UA",Fulham,Hammersmith and Fulham,SW6 5UA,SW6,51.4801909,-0.1980612,/seafood-restaurants/hammersmith-and-fulham/fulham/kennedys-fulham/,"Fish & Chips, Seafood",Fish & Chips,N/A,N/A,N/A,Yes,No,No,Active,LOW
Kennedy's of Goswell Road,Fish & chips shop,Seafood restaurant,+44 20 7490 2089,http://www.kennedyslondon.co.uk/,https://maps.google.com/maps?q=Kennedys+Goswell+Road+London+EC1,4.4,1507,££,Mon–Sat: 11 AM–10 PM | Sun: 12–9 PM,Kennedy's fish & chips restaurant on Goswell Road in Clerkenwell. LGBTQ+ friendly.,"Dine-in, Takeaway, Delivery, LGBTQ+ friendly",Yes,N/A,N/A,N/A,"184-186 Goswell Rd., London EC1V 7DT",Clerkenwell,Islington,EC1V 7DT,EC1V,51.5262473,-0.0997839,/seafood-restaurants/islington/clerkenwell/kennedys-of-goswell-road/,"Fish & Chips, Seafood",Fish & Chips,N/A,N/A,N/A,Yes,No,No,Active,LOW
Sam's Riverside,Seafood restaurant,"British restaurant, European restaurant",+44 20 8237 1020,http://www.samsriverside.co.uk/,https://maps.google.com/maps?q=Sams+Riverside+Hammersmith+London,4.7,1414,£££,"Mon–Sat: 12–9:30 PM | Sun: 12–3:45 PM, 5–8 PM","Riverside seafood and European restaurant at Riverside Studios, Hammersmith.","Dine-in, Reservations",Yes,N/A,N/A,N/A,"1 Crisp Rd, London W6 9DN",Hammersmith,Hammersmith and Fulham,W6 9DN,W6,51.488237,-0.2279886,/seafood-restaurants/hammersmith-and-fulham/hammersmith/sams-riverside/,"Seafood, European, British, Fish","Fresh fish, Seafood dishes, Riverside dining",https://www.samsriverside.co.uk/reservations,https://www.samsriverside.co.uk/menu/food,N/A,Yes,Yes,No,Active,LOW
THE FAT CRAB STRATFORD,Seafood restaurant,Crab house,+44 20 3093 2598,https://www.thefatcrab.com/,https://maps.google.com/maps?q=Fat+Crab+Stratford+London+E20,4.2,202,£££,Mon: Closed | Tue–Thu: 4–10:30 PM | Fri–Sat: 1–10:30 PM | Sun: 1–10 PM,"Crab and seafood restaurant in East Village, Stratford Olympic Park.","Dine-in, Reservations",Yes,N/A,N/A,N/A,"36-39 Victory Parade, East Village, London E20 1FS",Stratford / Olympic Park,Newham,E20 1FS,E20,51.5484881,-0.0091368,/seafood-restaurants/newham/stratford-olympic-park/the-fat-crab-stratford/,"Crab, Seafood, Shellfish","Crab dishes, Seafood",https://eatapp.co/reserve/the-fat-crab-stratford-36-39-victory-parade,N/A,N/A,Yes,Yes,No,Active,LOW
KYR KITCHEN,Seafood restaurant,Caribbean restaurant,+44 7535 959053,http://www.kyrkitchen.com/,https://maps.google.com/maps?q=KYR+Kitchen+Canning+Town+London+E16,4.0,163,£££,Mon–Tue: 5–10 PM | Wed: 5–10 PM | Thu: 4–11 PM | Fri–Sat: 3–11 PM | Sun: 3–10 PM,"Caribbean-inspired seafood kitchen in Canning Town, East London.","Dine-in, Takeaway, Delivery",Yes,N/A,N/A,N/A,"34 Fife Rd, London E16 1QB",Canning Town,Newham,E16 1QB,E16,51.5157244,0.0184097,/seafood-restaurants/newham/canning-town/kyr-kitchen/,"Caribbean Seafood, Fish, Grilled Fish",Caribbean seafood dishes,N/A,https://www.kyrkitchen.com/menu-1,N/A,Yes,No,No,Active,LOW
Brunsy Seafood Bar,Seafood restaurant,"Fish store, Seafood market",N/A,N/A,https://maps.google.com/maps?q=Brunsy+Seafood+Bar+Plaistow+London+E13,4.6,29,£,Mon–Wed: Closed | Thu: 11 AM–5 PM | Fri–Sat: 11 AM–6 PM | Sun: 11 AM–3 PM,"Local seafood bar on High Street in Plaistow, Newham.","Dine-in, Takeaway",No,N/A,N/A,N/A,"High St, London E13 0AD",Plaistow,Newham,E13 0AD,E13,51.5301059,0.0227797,/seafood-restaurants/newham/plaistow/brunsy-seafood-bar/,"Seafood, Fresh Fish",Fresh seafood,N/A,N/A,N/A,No,No,No,Active,HIGH
Seafood Parlour,Seafood restaurant,Seafood boil restaurant,+44 7397 036177,N/A,https://maps.google.com/maps?q=Seafood+Parlour+Peckham+London+SE15,5.0,9,££,Wed–Sun: Opens 4 PM (see Instagram for details),"Seafood parlour in Peckham, South London.","Dine-in, Delivery",Yes,N/A,N/A,N/A,"Springall St, London SE15 2TY",Peckham,Southwark,SE15 2TY,SE15,51.4775617,-0.0600588,/seafood-restaurants/southwark/peckham/seafood-parlour/,"Seafood, Fresh Fish",Seafood dishes,N/A,N/A,N/A,No,No,No,Active,HIGH
Blue Nile South,Seafood restaurant,West African restaurant,+44 20 3859 0346,https://bluenilesouth.co.uk/,https://maps.google.com/maps?q=Blue+Nile+South+Peckham+London+SE15,4.3,67,££,Mon–Sun: 11 AM–11 PM,West African and seafood restaurant in Peckham Village Market. LGBTQ+ friendly.,"Dine-in, Delivery",Yes,N/A,N/A,N/A,"25 Meeting House Ln, London SE15 2UN",Peckham,Southwark,SE15 2UN,SE15,51.4768139,-0.0601638,/seafood-restaurants/southwark/peckham/blue-nile-south/,"West African Seafood, Fish, Seafood","West African fish dishes, Seafood",N/A,https://www.ritual.co/order/blue-nile-peckham-klang-river-london/d443,N/A,Yes,No,No,Active,LOW
The Seabream Fish Bar,Fish & chips shop,Seafood restaurant,+44 20 8303 0686,N/A,https://maps.google.com/maps?q=Seabream+Fish+Bar+Sidcup+Bexley+London,4.7,339,£,"Mon, Sun: Closed | Tue–Sat: 11:30 AM–9 PM","Popular fish bar in Sidcup, Bexley. Very highly rated.","Dine-in, Takeaway",Yes,N/A,N/A,N/A,"262 Sherwood Park Ave, Sidcup DA15 9JN",Sidcup,Bexley,DA15 9JN,DA15,51.4474892,0.1179916,/seafood-restaurants/bexley/sidcup/the-seabream-fish-bar/,"Fish & Chips, Seafood",Fish & Chips,N/A,N/A,N/A,No,No,No,Active,MEDIUM
Fish Union Bar & Grill,Seafood restaurant,Fish and seafood restaurant,+44 20 3325 1462,http://www.fishunion.co.uk/,https://maps.google.com/maps?q=Fish+Union+Bar+Grill+Chislehurst+Bromley,4.7,176,£££,Mon: Closed | Tue–Sat: 12–10 PM | Sun: 12–6 PM,"Seafood bar and grill in Chislehurst, Bromley.","Dine-in, Reservations",Yes,N/A,N/A,N/A,"6 Royal Parade, Chislehurst BR7 6NN",Chislehurst,Bromley,BR7 6NN,BR7,51.4117473,0.0750916,/seafood-restaurants/bromley/chislehurst/fish-union-bar-grill/,"Seafood, Fish, Grilled Fish","Fresh fish, Seafood dishes",https://www.opentable.co.uk/restaurant/profile/292653,https://fishunion.co.uk/menus/,N/A,Yes,Yes,No,Active,LOW
The Perfect Crab Shack,Seafood restaurant,Crab house,+44 7393 943790,http://www.theperfectcrabshack.co.uk/,https://maps.google.com/maps?q=Perfect+Crab+Shack+Belvedere+Bexley,5.0,12,N/A,Mon-Wed: Closed | Thu-Sun: 10 AM–4 PM,"Perfect crab shack pop-up at The Eardley Arms pub in Belvedere, Bexley.","Dine-in, Takeaway",Yes,N/A,N/A,N/A,"The Eardley Arms, 44 Woolwich Rd, Belvedere DA17 5EN",Belvedere,Bexley,DA17 5EN,DA17,51.4841543,0.14296,/seafood-restaurants/bexley/belvedere/the-perfect-crab-shack/,"Crab, Seafood",Crab dishes,N/A,N/A,N/A,Yes,No,No,Active,MEDIUM
Seafoods,Fish & chips shop,Seafood restaurant,+44 20 8303 8015,http://www.sea-foods.shop/,https://maps.google.com/maps?q=Seafoods+Bexleyheath+DA7,4.8,173,£,Mon: Closed | Tue-Sat: 9 AM–5 PM | Sun: 9:30 AM–3 PM,Highly rated fish and seafood shop in Bexleyheath.,"Dine-in, Takeaway",Yes,N/A,N/A,N/A,"139 Long Ln, Bexleyheath DA7 5AH",Bexleyheath,Bexley,DA7 5AH,DA7,51.4656105,0.1463288,/seafood-restaurants/bexley/bexleyheath/seafoods/,"Fish & Chips, Seafood, Fresh Fish","Fresh seafood, Fish",N/A,N/A,N/A,Yes,No,No,Active,LOW
Dragon Castle,Chinese restaurant,"Seafood restaurant, Dim sum restaurant",+44 20 7277 3388,http://www.dragoncastlelondon.com/,https://maps.google.com/maps?q=Dragon+Castle+Walworth+London+SE17,4.0,1120,££,Mon-Fri: 8 AM–11 PM | Sat-Sun: 9 AM–11 PM,"Chinese seafood and dim sum restaurant in Walworth, South London.","Dine-in, Delivery, Reservations",Yes,N/A,N/A,N/A,"100 Walworth Rd, London SE17 1JL",Walworth,Southwark,SE17 1JL,SE17,51.492001,-0.0984786,/seafood-restaurants/southwark/walworth/dragon-castle/,"Chinese Seafood, Dim Sum, Fish, Crab, Lobster","Dim sum, Fresh seafood, Cantonese fish dishes",N/A,https://www.dragoncastlelondon.com/menus,N/A,Yes,No,No,Active,LOW
A Cena,Italian restaurant,Seafood restaurant,+44 7703 345330,http://acena.co.uk/,https://maps.google.com/maps?q=A+Cena+Italian+Seafood+Twickenham+Richmond,4.5,315,£££,"Mon-Tue: Closed | Wed-Thu: 5:45–10 PM | Fri-Sat: 12–2 PM, 5:45–10 PM | Sun: Closed","Italian seafood restaurant in East Twickenham, Richmond upon Thames.","Dine-in, Reservations",Yes,N/A,N/A,N/A,"418 Richmond Rd, East Twickenham, Twickenham TW1 2EB",Twickenham,Richmond upon Thames,TW1 2EB,TW1,51.4561982,-0.3087224,/seafood-restaurants/richmond-upon-thames/twickenham/a-cena/,"Italian Seafood, Fish, Pasta","Fresh seafood, Italian fish dishes",N/A,N/A,N/A,Yes,No,No,Active,LOW
Capricho,Portuguese restaurant,Seafood restaurant,+44 20 8215 2592,http://www.caprichoportuguesekitchen.co.uk/,https://maps.google.com/maps?q=Capricho+Portuguese+Kitchen+Ilford+London,4.7,848,£££,Mon-Tue: Closed | Wed-Thu: 6–9:30 PM | Fri: 6–10:30 PM | Sat: 4–10:30 PM | Sun: 1–7 PM,Portuguese kitchen with strong seafood focus in Ilford. LGBTQ+ friendly.,"Dine-in, Reservations, LGBTQ+ friendly",Yes,N/A,N/A,N/A,"Unit 1, 2a Fencepiece Rd, Ilford IG6 2JU",Hainault / Barkingside,Redbridge,IG6 2JU,IG6,51.5949908,0.0845159,/seafood-restaurants/redbridge/hainault-barkingside/capricho/,"Portuguese Seafood, Fish, Bacalhau, Seafood Dishes","Bacalhau, Portuguese fish dishes, Seafood platters",https://thefork.co.uk/restaurant/capricho-portuguese-kitchen-r821854,https://www.caprichoportuguesekitchen.co.uk/menu,N/A,Yes,Yes,No,Active,LOW
Galvin La Chapelle,French restaurant,"Seafood restaurant, Fine dining",+44 20 7299 0400,https://galvinrestaurants.com/galvin-la-chapelle/,https://maps.google.com/maps?q=Galvin+La+Chapelle+Spitalfields+London+E1,4.6,3033,££££,"Mon: 12–2 PM, 5:30–9 PM | Tue-Thu: 12–2 PM, 5:30–9:15 PM | Fri: 12–2:15 PM, 5:30–9:30 PM | Sat: 11:45 AM–2:30 PM, 6–9:30 PM | Sun: 11:45 AM–3 PM, 6–9 PM",Michelin-starred French restaurant in a stunning former Victorian chapel in Spitalfields. Strong seafood menu. LGBTQ+ friendly.,"Dine-in, Reservations, LGBTQ+ friendly",Yes,N/A,N/A,N/A,"35 Spital Square, London E1 6DY",Whitechapel / Spitalfields,Tower Hamlets,E1 6DY,E1,51.5202204,-0.0781198,/seafood-restaurants/tower-hamlets/whitechapel-spitalfields/galvin-la-chapelle/,"French Seafood, Fish, Fine Dining, Lobster, Oysters","Lobster, Fresh fish, French seafood dishes",N/A,https://galvinrestaurants.com/michelin-french-restaurant-city-london-galvin-la-chapelle/menus/,N/A,Yes,No,No,Active,LOW
